{"building_value":1.5507252123410186E+7,"num_stories":6,"total_area_sf":56250,"area_per_story_sf":[9375,9375,9375,9375,9375,9375],"ht_per_story_ft":[14.5,13.5,13.5,13.5,13.5,13.167],"edge_lengths":[[96.824583655185421,96.824583655185421],[96.824583655185421,96.824583655185421],[96.824583655185421,96.824583655185421],[96.824583655185421,96.824583655185421],[96.824583655185421,96.824583655185421],[96.824583655185421,96.824583655185421]],"struct_bay_area_per_story":[585.9375,585.9375,585.9375,585.9375,585.9375,585.9375],"num_entry_doors":2,"num_elevators":2,"stairs_per_story":[2,2,2,2,2,2],"occupants_per_story":[37.5,37.5,37.5,37.5,37.5,37.5]}