id,story,area,perim_area,occupancy_id
1,1,9375,5615.82585200075,1
2,2,9375,5228.52751738001,1
3,3,9375,5228.52751738001,1
4,4,9375,5228.52751738001,1
5,5,9375,5228.52751738001,1
6,6,9375,5099.55717195131,1
